Order ID,Customer ID,Product,Category,Region,Sales Amount,Order Date
ORD1000,CUST86,Tablet,Electronics,North,1062.33,2023-10-30
ORD1001,CUST29,Monitor,Electronics,West,827.34,2023-01-12
ORD1002,CUST88,Keyboard,Accessories,West,498.82,2023-11-14
ORD1003,CUST45,Tablet,Electronics,South,1230.0,2023-03-21
ORD1004,CUST9,Headphones,Accessories,North,1042.86,2023-08-04
ORD1005,CUST7,Smartwatch,Accessories,West,285.79,2023-12-05
ORD1006,CUST58,Keyboard,Accessories,South,1370.84,2023-09-21
ORD1007,CUST42,Keyboard,Accessories,North,1242.68,2023-05-29
ORD1008,CUST46,Tablet,Electronics,South,1427.21,2023-03-22
ORD1009,CUST6,Laptop,Electronics,East,1102.29,2023-08-03
ORD1010,CUST21,Headphones,Accessories,West,939.45,2023-07-17
ORD1011,CUST22,Tablet,Electronics,East,656.45,2023-07-19
ORD1012,CUST74,Headphones,Accessories,North,1402.46,2023-01-25
ORD1013,CUST49,Headphones,Accessories,East,1305.79,2023-03-30
ORD1014,CUST81,Smartwatch,Accessories,East,115.57,2023-09-25
ORD1015,CUST10,Keyboard,Accessories,North,88.23,2023-05-23
ORD1016,CUST54,Monitor,Electronics,South,595.87,2023-02-28
ORD1017,CUST89,Smartwatch,Accessories,East,1225.3,2023-12-31
ORD1018,CUST90,Smartwatch,Accessories,South,1481.55,2023-01-26
ORD1019,CUST29,Headphones,Accessories,East,268.1,2023-02-16
ORD1020,CUST42,Mouse,Accessories,South,911.49,2023-10-15
ORD1021,CUST84,Keyboard,Accessories,North,602.29,2023-09-23
ORD1022,CUST46,Laptop,Electronics,East,1456.38,2023-01-16
ORD1023,CUST31,Smartwatch,Accessories,North,1271.07,2023-07-18
ORD1024,CUST24,Monitor,Electronics,East,1265.58,2023-10-09
ORD1025,CUST36,Mouse,Accessories,North,729.61,2023-03-27
ORD1026,CUST21,Mouse,Accessories,North,651.49,2023-09-07
ORD1027,CUST11,Laptop,Electronics,East,446.44,2023-09-27
ORD1028,CUST18,Smartwatch,Accessories,East,131.74,2023-12-01
ORD1029,CUST15,Monitor,Electronics,East,1303.85,2023-04-27
ORD1030,CUST93,Keyboard,Accessories,West,1228.71,2023-01-07
ORD1031,CUST52,Smartphone,Electronics,South,1499.59,2023-05-17
ORD1032,CUST29,Monitor,Electronics,West,1495.12,2023-06-25
ORD1033,CUST78,Laptop,Electronics,West,855.38,2023-11-24
ORD1034,CUST84,Mouse,Accessories,North,1165.03,2023-11-11
ORD1035,CUST92,Keyboard,Accessories,East,1419.91,2023-08-03
ORD1036,CUST27,Monitor,Electronics,South,1281.99,2023-03-23
ORD1037,CUST67,Smartphone,Electronics,North,408.65,2023-08-11
ORD1038,CUST94,Smartphone,Electronics,West,703.29,2023-04-13
ORD1039,CUST70,Headphones,Accessories,East,237.28,2023-09-30
ORD1040,CUST96,Headphones,Accessories,North,1433.37,2023-01-14
ORD1041,CUST22,Tablet,Electronics,East,928.95,2023-06-08
ORD1042,CUST26,Laptop,Electronics,North,381.53,2023-06-01
ORD1043,CUST36,Smartwatch,Accessories,East,1023.97,2023-04-18
ORD1044,CUST98,Monitor,Electronics,West,946.29,2023-07-07
ORD1045,CUST4,Monitor,Electronics,South,569.34,2023-10-28
ORD1046,CUST28,Smartwatch,Accessories,West,214.66,2023-04-08
ORD1047,CUST36,Tablet,Electronics,South,1023.78,2023-05-11
ORD1048,CUST42,Mouse,Accessories,East,804.45,2023-10-20
ORD1049,CUST99,Mouse,Accessories,North,1169.86,2023-06-20
ORD1050,CUST33,Tablet,Electronics,West,804.24,2023-07-02
ORD1051,CUST62,Mouse,Accessories,South,1285.66,2023-12-30
ORD1052,CUST92,Headphones,Accessories,West,850.26,2023-02-08
ORD1053,CUST41,Monitor,Electronics,South,863.36,2023-01-15
ORD1054,CUST48,Tablet,Electronics,West,1321.15,2023-01-04
ORD1055,CUST59,Monitor,Electronics,South,635.05,2023-12-15
ORD1056,CUST62,Smartwatch,Accessories,South,244.32,2023-07-29
ORD1057,CUST97,Smartphone,Electronics,East,91.73,2023-06-10
ORD1058,CUST65,Headphones,Accessories,South,1144.95,2023-01-16
ORD1059,CUST25,Keyboard,Accessories,East,949.45,2023-04-18
ORD1060,CUST66,Headphones,Accessories,South,1070.92,2023-11-07
ORD1061,CUST99,Tablet,Electronics,North,358.8,2023-08-15
ORD1062,CUST87,Keyboard,Accessories,North,247.74,2023-06-19
ORD1063,CUST67,Smartphone,Electronics,North,71.09,2023-02-03
ORD1064,CUST37,Tablet,Electronics,South,558.35,2023-09-08
ORD1065,CUST60,Laptop,Electronics,East,905.38,2023-09-04
ORD1066,CUST5,Monitor,Electronics,East,618.75,2023-09-26
ORD1067,CUST63,Smartphone,Electronics,South,684.34,2023-05-21
ORD1068,CUST30,Monitor,Electronics,North,1361.03,2023-10-01
ORD1069,CUST27,Mouse,Accessories,North,554.97,2023-04-06
ORD1070,CUST27,Laptop,Electronics,East,795.28,2023-08-15
ORD1071,CUST51,Laptop,Electronics,North,1186.3,2023-02-08
ORD1072,CUST27,Smartphone,Electronics,West,624.99,2023-10-29
ORD1073,CUST81,Laptop,Electronics,East,952.03,2023-01-29
ORD1074,CUST91,Keyboard,Accessories,North,1300.43,2023-11-14
ORD1075,CUST93,Laptop,Electronics,East,1426.8,2023-09-02
ORD1076,CUST53,Monitor,Electronics,West,263.26,2023-08-24
ORD1077,CUST30,Monitor,Electronics,East,1393.55,2023-07-04
ORD1078,CUST9,Tablet,Electronics,East,763.57,2023-09-29
ORD1079,CUST66,Monitor,Electronics,East,424.45,2023-08-24
ORD1080,CUST34,Tablet,Electronics,East,715.75,2023-08-27
ORD1081,CUST41,Monitor,Electronics,West,1471.05,2023-09-23
ORD1082,CUST7,Keyboard,Accessories,South,764.3,2023-12-25
ORD1083,CUST9,Smartwatch,Accessories,East,526.69,2023-12-06
ORD1084,CUST55,Tablet,Electronics,East,968.43,2023-03-06
ORD1085,CUST96,Headphones,Accessories,North,398.21,2023-06-26
ORD1086,CUST20,Mouse,Accessories,East,160.0,2023-01-03
ORD1087,CUST68,Smartphone,Electronics,North,236.88,2023-05-22
ORD1088,CUST22,Monitor,Electronics,South,235.67,2023-06-07
ORD1089,CUST43,Laptop,Electronics,West,270.26,2023-11-20
ORD1090,CUST9,Smartwatch,Accessories,West,251.3,2023-05-26
ORD1091,CUST9,Monitor,Electronics,South,979.27,2023-10-20
ORD1092,CUST55,Laptop,Electronics,West,313.73,2023-06-02
ORD1093,CUST77,Mouse,Accessories,South,551.22,2023-07-12
ORD1094,CUST56,Mouse,Accessories,South,1350.34,2023-03-14
ORD1095,CUST18,Mouse,Accessories,South,737.24,2023-11-01
ORD1096,CUST58,Laptop,Electronics,West,1017.96,2023-12-10
ORD1097,CUST28,Monitor,Electronics,North,299.86,2023-05-20
ORD1098,CUST79,Mouse,Accessories,South,328.82,2023-07-06
ORD1099,CUST73,Keyboard,Accessories,East,109.26,2023-10-20
ORD1100,CUST56,Tablet,Electronics,West,294.96,2023-03-02
ORD1101,CUST59,Laptop,Electronics,South,453.96,2023-07-17
ORD1102,CUST2,Laptop,Electronics,South,306.67,2023-10-22
ORD1103,CUST25,Monitor,Electronics,East,178.62,2023-11-15
ORD1104,CUST9,Laptop,Electronics,North,224.92,2023-10-29
ORD1105,CUST22,Laptop,Electronics,North,718.13,2023-12-10
ORD1106,CUST99,Mouse,Accessories,North,349.18,2023-01-11
ORD1107,CUST21,Monitor,Electronics,South,578.19,2023-03-03
ORD1108,CUST83,Mouse,Accessories,South,779.96,2023-11-29
ORD1109,CUST90,Tablet,Electronics,South,1051.07,2023-08-14
ORD1110,CUST84,Smartwatch,Accessories,West,107.0,2023-06-02
ORD1111,CUST55,Tablet,Electronics,East,1209.15,2023-07-18
ORD1112,CUST96,Smartwatch,Accessories,South,960.46,2023-02-21
ORD1113,CUST65,Mouse,Accessories,East,168.55,2023-09-17
ORD1114,CUST92,Tablet,Electronics,East,1316.69,2023-02-28
ORD1115,CUST4,Monitor,Electronics,North,1385.26,2023-03-13
ORD1116,CUST97,Smartphone,Electronics,West,138.56,2023-05-28
ORD1117,CUST53,Mouse,Accessories,South,451.47,2023-12-15
ORD1118,CUST68,Smartwatch,Accessories,North,1218.99,2023-03-04
ORD1119,CUST85,Keyboard,Accessories,North,1134.98,2023-11-06
ORD1120,CUST80,Smartwatch,Accessories,South,317.56,2023-08-31
ORD1121,CUST55,Keyboard,Accessories,East,353.56,2023-11-26
ORD1122,CUST52,Laptop,Electronics,North,587.18,2023-04-17
ORD1123,CUST75,Tablet,Electronics,East,752.56,2023-08-14
ORD1124,CUST96,Keyboard,Accessories,West,946.47,2023-11-09
ORD1125,CUST62,Smartwatch,Accessories,East,584.92,2023-08-06
ORD1126,CUST68,Laptop,Electronics,West,720.68,2023-08-29
ORD1127,CUST56,Smartphone,Electronics,East,1133.83,2023-09-16
ORD1128,CUST31,Monitor,Electronics,North,103.19,2023-09-19
ORD1129,CUST31,Monitor,Electronics,North,416.03,2023-01-05
ORD1130,CUST12,Monitor,Electronics,West,1084.36,2023-09-18
ORD1131,CUST19,Keyboard,Accessories,South,1348.05,2023-02-23
ORD1132,CUST4,Smartphone,Electronics,West,791.93,2023-02-16
ORD1133,CUST56,Keyboard,Accessories,West,821.56,2023-08-03
ORD1134,CUST71,Tablet,Electronics,East,205.4,2023-06-26
ORD1135,CUST52,Keyboard,Accessories,East,698.75,2023-01-09
ORD1136,CUST58,Smartphone,Electronics,West,822.3,2023-04-09
ORD1137,CUST73,Smartphone,Electronics,North,401.58,2023-01-20
ORD1138,CUST48,Tablet,Electronics,East,440.4,2023-08-29
ORD1139,CUST21,Smartphone,Electronics,South,597.06,2023-03-02
ORD1140,CUST45,Smartwatch,Accessories,East,79.1,2023-06-27
ORD1141,CUST19,Smartphone,Electronics,East,517.01,2023-12-04
ORD1142,CUST63,Monitor,Electronics,South,356.6,2023-03-03
ORD1143,CUST1,Smartwatch,Accessories,West,524.87,2023-05-25
ORD1144,CUST25,Smartwatch,Accessories,South,223.66,2023-08-04
ORD1145,CUST58,Tablet,Electronics,West,1341.26,2023-01-03
ORD1146,CUST21,Headphones,Accessories,West,910.71,2023-06-09
ORD1147,CUST87,Headphones,Accessories,West,1034.7,2023-08-15
ORD1148,CUST48,Smartphone,Electronics,South,1194.3,2023-09-26
ORD1149,CUST61,Smartwatch,Accessories,West,772.74,2023-04-30
ORD1150,CUST41,Headphones,Accessories,North,176.03,2023-03-30
ORD1151,CUST41,Headphones,Accessories,South,828.8,2023-11-25
ORD1152,CUST5,Smartphone,Electronics,North,900.92,2023-03-09
ORD1153,CUST23,Headphones,Accessories,West,1130.89,2023-12-23
ORD1154,CUST81,Keyboard,Accessories,East,675.91,2023-04-08
ORD1155,CUST53,Laptop,Electronics,West,234.99,2023-09-24
ORD1156,CUST19,Tablet,Electronics,North,461.48,2023-04-15
ORD1157,CUST95,Laptop,Electronics,North,576.47,2023-11-19
ORD1158,CUST61,Smartphone,Electronics,South,986.58,2023-05-03
ORD1159,CUST60,Monitor,Electronics,East,877.63,2023-01-29
ORD1160,CUST71,Tablet,Electronics,South,566.34,2023-05-17
ORD1161,CUST1,Smartphone,Electronics,North,1480.45,2023-07-14
ORD1162,CUST30,Smartwatch,Accessories,West,928.37,2023-08-14
ORD1163,CUST87,Monitor,Electronics,East,393.98,2023-11-28
ORD1164,CUST87,Laptop,Electronics,West,197.58,2023-06-19
ORD1165,CUST8,Smartphone,Electronics,West,271.65,2023-01-09
ORD1166,CUST88,Smartwatch,Accessories,East,406.64,2023-02-09
ORD1167,CUST17,Tablet,Electronics,South,282.99,2023-01-25
ORD1168,CUST7,Tablet,Electronics,West,320.52,2023-09-18
ORD1169,CUST13,Mouse,Accessories,North,463.39,2023-08-14
ORD1170,CUST49,Smartwatch,Accessories,West,301.39,2023-05-04
ORD1171,CUST75,Keyboard,Accessories,East,1350.31,2023-02-07
ORD1172,CUST96,Headphones,Accessories,East,166.34,2023-11-24
ORD1173,CUST53,Monitor,Electronics,East,810.54,2023-09-08
ORD1174,CUST73,Smartwatch,Accessories,South,645.08,2023-06-25
ORD1175,CUST63,Mouse,Accessories,West,1474.45,2023-03-31
ORD1176,CUST62,Headphones,Accessories,South,212.46,2023-02-06
ORD1177,CUST62,Headphones,Accessories,South,626.89,2023-11-12
ORD1178,CUST45,Smartphone,Electronics,East,1455.73,2023-06-25
ORD1179,CUST49,Headphones,Accessories,East,1304.99,2023-10-11
ORD1180,CUST9,Keyboard,Accessories,South,1234.75,2023-03-22
ORD1181,CUST19,Tablet,Electronics,West,423.96,2023-04-24
ORD1182,CUST69,Mouse,Accessories,North,297.79,2023-02-09
ORD1183,CUST1,Headphones,Accessories,South,1019.53,2023-10-28
ORD1184,CUST26,Smartphone,Electronics,West,1397.6,2023-08-12
ORD1185,CUST43,Keyboard,Accessories,East,857.31,2023-11-14
ORD1186,CUST14,Laptop,Electronics,East,878.84,2023-12-15
ORD1187,CUST68,Tablet,Electronics,West,455.97,2023-04-25
ORD1188,CUST59,Tablet,Electronics,North,1165.76,2023-07-05
ORD1189,CUST47,Mouse,Accessories,East,321.21,2023-11-19
ORD1190,CUST27,Tablet,Electronics,East,519.33,2023-02-25
ORD1191,CUST61,Headphones,Accessories,East,666.88,2023-02-09
ORD1192,CUST63,Smartphone,Electronics,West,786.04,2023-12-20
ORD1193,CUST43,Tablet,Electronics,South,401.49,2023-02-09
ORD1194,CUST40,Tablet,Electronics,East,216.51,2023-12-13
ORD1195,CUST37,Laptop,Electronics,South,935.4,2023-08-25
ORD1196,CUST40,Laptop,Electronics,North,468.51,2023-10-16
ORD1197,CUST63,Monitor,Electronics,East,892.8,2023-09-19
ORD1198,CUST20,Keyboard,Accessories,East,273.83,2023-08-04
ORD1199,CUST54,Headphones,Accessories,North,747.65,2023-05-27
ORD1200,CUST7,Tablet,Electronics,East,822.25,2023-12-02
ORD1201,CUST19,Smartwatch,Accessories,South,125.14,2023-06-17
ORD1202,CUST1,Tablet,Electronics,West,538.08,2023-04-02
ORD1203,CUST91,Smartphone,Electronics,South,244.9,2023-12-19
ORD1204,CUST94,Monitor,Electronics,West,141.89,2023-02-28
ORD1205,CUST4,Keyboard,Accessories,West,1485.44,2023-02-28
ORD1206,CUST75,Smartwatch,Accessories,South,517.41,2023-10-31
ORD1207,CUST76,Monitor,Electronics,South,1224.32,2023-06-18
ORD1208,CUST81,Mouse,Accessories,South,419.23,2023-09-26
ORD1209,CUST44,Keyboard,Accessories,South,1038.18,2023-12-29
ORD1210,CUST40,Tablet,Electronics,North,1152.33,2023-02-14
ORD1211,CUST33,Tablet,Electronics,East,913.68,2023-12-11
ORD1212,CUST23,Keyboard,Accessories,West,733.79,2023-06-30
ORD1213,CUST12,Tablet,Electronics,South,647.17,2023-06-19
ORD1214,CUST71,Headphones,Accessories,South,555.86,2023-12-22
ORD1215,CUST7,Keyboard,Accessories,South,1397.82,2023-07-10
ORD1216,CUST82,Monitor,Electronics,North,1254.4,2023-06-04
ORD1217,CUST31,Keyboard,Accessories,South,1449.29,2023-07-07
ORD1218,CUST31,Smartwatch,Accessories,South,230.23,2023-01-07
ORD1219,CUST60,Tablet,Electronics,South,1109.76,2023-05-13
ORD1220,CUST77,Headphones,Accessories,East,1410.59,2023-08-23
ORD1221,CUST32,Headphones,Accessories,North,312.79,2023-02-14
ORD1222,CUST75,Mouse,Accessories,South,146.42,2023-11-10
ORD1223,CUST86,Monitor,Electronics,West,1124.62,2023-09-06
ORD1224,CUST60,Laptop,Electronics,West,882.99,2023-01-31
ORD1225,CUST93,Laptop,Electronics,West,1270.65,2023-01-23
ORD1226,CUST46,Keyboard,Accessories,North,252.67,2023-06-09
ORD1227,CUST13,Mouse,Accessories,North,1203.14,2023-12-29
ORD1228,CUST22,Smartphone,Electronics,West,342.36,2023-06-07
ORD1229,CUST7,Keyboard,Accessories,South,287.3,2023-02-08
ORD1230,CUST15,Mouse,Accessories,North,288.19,2023-03-23
ORD1231,CUST57,Monitor,Electronics,West,1231.13,2023-12-22
ORD1232,CUST92,Monitor,Electronics,West,1014.54,2023-09-15
ORD1233,CUST53,Monitor,Electronics,South,808.44,2023-07-25
ORD1234,CUST56,Monitor,Electronics,East,570.3,2023-03-18
ORD1235,CUST92,Monitor,Electronics,North,1321.94,2023-01-12
ORD1236,CUST77,Mouse,Accessories,South,619.05,2023-10-22
ORD1237,CUST43,Mouse,Accessories,West,1234.07,2023-08-12
ORD1238,CUST41,Headphones,Accessories,West,686.75,2023-01-13
ORD1239,CUST95,Smartwatch,Accessories,South,596.57,2023-02-15
ORD1240,CUST56,Laptop,Electronics,North,720.89,2023-06-04
ORD1241,CUST63,Tablet,Electronics,East,487.0,2023-04-23
ORD1242,CUST88,Monitor,Electronics,East,1134.03,2023-08-21
ORD1243,CUST79,Smartphone,Electronics,West,778.94,2023-01-17
ORD1244,CUST11,Tablet,Electronics,North,386.71,2023-12-26
ORD1245,CUST3,Mouse,Accessories,East,1354.38,2023-08-11
ORD1246,CUST77,Smartphone,Electronics,North,606.64,2023-12-20
ORD1247,CUST10,Smartphone,Electronics,North,838.15,2023-07-07
ORD1248,CUST24,Smartphone,Electronics,West,1364.38,2023-12-10
ORD1249,CUST9,Headphones,Accessories,East,955.15,2023-12-31
ORD1250,CUST61,Mouse,Accessories,South,219.5,2023-06-12
ORD1251,CUST56,Smartphone,Electronics,West,1412.76,2023-11-22
ORD1252,CUST85,Monitor,Electronics,East,960.18,2023-03-15
ORD1253,CUST88,Keyboard,Accessories,East,535.61,2023-08-21
ORD1254,CUST65,Smartphone,Electronics,East,251.94,2023-08-12
ORD1255,CUST23,Headphones,Accessories,East,1201.34,2023-11-15
ORD1256,CUST16,Tablet,Electronics,East,949.11,2023-03-01
ORD1257,CUST15,Mouse,Accessories,North,823.52,2023-12-01
ORD1258,CUST8,Smartwatch,Accessories,West,1346.14,2023-08-10
ORD1259,CUST58,Headphones,Accessories,North,1193.47,2023-02-06
ORD1260,CUST27,Smartphone,Electronics,South,269.93,2023-10-05
ORD1261,CUST69,Mouse,Accessories,East,502.0,2023-07-15
ORD1262,CUST36,Keyboard,Accessories,West,410.31,2023-12-18
ORD1263,CUST87,Smartphone,Electronics,East,1128.72,2023-08-30
ORD1264,CUST97,Headphones,Accessories,West,98.62,2023-11-20
ORD1265,CUST22,Laptop,Electronics,North,876.34,2023-08-07
ORD1266,CUST100,Monitor,Electronics,West,1155.57,2023-07-11
ORD1267,CUST62,Smartwatch,Accessories,South,1321.31,2023-01-17
ORD1268,CUST78,Tablet,Electronics,South,546.02,2023-01-12
ORD1269,CUST60,Headphones,Accessories,West,1240.82,2023-07-12
ORD1270,CUST100,Mouse,Accessories,West,210.42,2023-01-22
ORD1271,CUST94,Smartwatch,Accessories,West,1277.36,2023-04-30
ORD1272,CUST5,Smartwatch,Accessories,West,234.86,2023-07-29
ORD1273,CUST54,Smartwatch,Accessories,South,626.07,2023-11-02
ORD1274,CUST64,Smartphone,Electronics,East,1206.08,2023-09-27
ORD1275,CUST84,Monitor,Electronics,West,267.38,2023-07-11
ORD1276,CUST21,Smartphone,Electronics,West,382.41,2023-06-24
ORD1277,CUST4,Mouse,Accessories,South,1097.27,2023-10-12
ORD1278,CUST7,Smartphone,Electronics,South,1094.05,2023-07-23
ORD1279,CUST30,Laptop,Electronics,North,979.66,2023-06-13
ORD1280,CUST5,Monitor,Electronics,West,1056.23,2023-09-08
ORD1281,CUST52,Monitor,Electronics,North,836.95,2023-08-15
ORD1282,CUST66,Mouse,Accessories,South,415.11,2023-01-07
ORD1283,CUST38,Tablet,Electronics,South,551.26,2023-01-29
ORD1284,CUST38,Laptop,Electronics,East,313.32,2023-02-02
ORD1285,CUST81,Headphones,Accessories,West,1367.25,2023-05-14
ORD1286,CUST89,Smartphone,Electronics,North,895.92,2023-03-20
ORD1287,CUST17,Keyboard,Accessories,South,631.23,2023-02-27
ORD1288,CUST40,Smartphone,Electronics,South,719.91,2023-01-26
ORD1289,CUST83,Smartwatch,Accessories,North,1423.56,2023-08-14
ORD1290,CUST35,Smartphone,Electronics,East,272.36,2023-10-12
ORD1291,CUST92,Headphones,Accessories,South,900.03,2023-01-04
ORD1292,CUST5,Smartphone,Electronics,West,783.54,2023-04-09
ORD1293,CUST71,Laptop,Electronics,South,936.61,2023-02-08
ORD1294,CUST54,Laptop,Electronics,West,76.26,2023-09-28
ORD1295,CUST73,Monitor,Electronics,North,1314.58,2023-10-12
ORD1296,CUST100,Mouse,Accessories,West,1401.57,2023-06-06
ORD1297,CUST84,Tablet,Electronics,North,869.44,2023-03-16
ORD1298,CUST58,Keyboard,Accessories,West,1060.14,2023-10-15
ORD1299,CUST29,Smartwatch,Accessories,North,1387.62,2023-05-10
ORD1300,CUST6,Smartphone,Electronics,West,1075.5,2023-06-24
ORD1301,CUST12,Smartphone,Electronics,East,271.18,2023-03-25
ORD1302,CUST13,Headphones,Accessories,West,885.62,2023-01-22
ORD1303,CUST61,Mouse,Accessories,West,929.74,2023-01-27
ORD1304,CUST66,Laptop,Electronics,East,664.99,2023-07-14
ORD1305,CUST35,Keyboard,Accessories,South,1117.84,2023-12-03
ORD1306,CUST26,Monitor,Electronics,South,1404.83,2023-08-24
ORD1307,CUST94,Laptop,Electronics,West,1392.07,2023-04-02
ORD1308,CUST40,Smartwatch,Accessories,East,703.72,2023-01-21
ORD1309,CUST72,Mouse,Accessories,West,214.2,2023-10-30
ORD1310,CUST54,Smartwatch,Accessories,North,1478.02,2023-12-23
ORD1311,CUST67,Tablet,Electronics,North,1266.4,2023-03-25
ORD1312,CUST35,Monitor,Electronics,West,230.76,2023-09-19
ORD1313,CUST24,Tablet,Electronics,South,1385.22,2023-05-27
ORD1314,CUST61,Headphones,Accessories,South,1311.35,2023-09-14
ORD1315,CUST2,Smartwatch,Accessories,West,802.32,2023-02-27
ORD1316,CUST57,Headphones,Accessories,West,907.35,2023-01-15
ORD1317,CUST51,Smartphone,Electronics,North,628.55,2023-06-11
ORD1318,CUST40,Tablet,Electronics,South,129.4,2023-06-12
ORD1319,CUST89,Mouse,Accessories,West,536.04,2023-11-16
ORD1320,CUST80,Smartwatch,Accessories,North,1214.14,2023-10-08
ORD1321,CUST12,Keyboard,Accessories,South,56.72,2023-10-07
ORD1322,CUST15,Monitor,Electronics,East,533.57,2023-01-12
ORD1323,CUST76,Laptop,Electronics,North,627.34,2023-10-01
ORD1324,CUST54,Mouse,Accessories,South,829.22,2023-09-28
ORD1325,CUST43,Mouse,Accessories,South,1383.79,2023-07-27
ORD1326,CUST8,Headphones,Accessories,North,552.2,2023-01-27
ORD1327,CUST12,Tablet,Electronics,East,553.08,2023-03-13
ORD1328,CUST94,Smartwatch,Accessories,North,1119.38,2023-03-01
ORD1329,CUST41,Smartwatch,Accessories,South,705.72,2023-05-25
ORD1330,CUST14,Smartphone,Electronics,West,375.68,2023-04-03
ORD1331,CUST17,Smartphone,Electronics,West,706.04,2023-11-05
ORD1332,CUST41,Monitor,Electronics,North,254.24,2023-01-08
ORD1333,CUST99,Headphones,Accessories,South,305.76,2023-03-20
ORD1334,CUST23,Mouse,Accessories,West,772.63,2023-01-27
ORD1335,CUST83,Smartwatch,Accessories,South,657.44,2023-06-23
ORD1336,CUST8,Keyboard,Accessories,North,1376.53,2023-02-19
ORD1337,CUST86,Headphones,Accessories,West,575.47,2023-07-18
ORD1338,CUST13,Monitor,Electronics,South,891.85,2023-12-15
ORD1339,CUST96,Monitor,Electronics,West,966.78,2023-06-30
ORD1340,CUST17,Headphones,Accessories,North,68.99,2023-01-24
ORD1341,CUST66,Monitor,Electronics,South,1012.13,2023-11-12
ORD1342,CUST2,Headphones,Accessories,West,308.15,2023-02-15
ORD1343,CUST80,Laptop,Electronics,North,1443.55,2023-01-15
ORD1344,CUST2,Headphones,Accessories,West,265.56,2023-06-02
ORD1345,CUST77,Tablet,Electronics,West,651.2,2023-08-10
ORD1346,CUST64,Headphones,Accessories,East,173.76,2023-07-25
ORD1347,CUST60,Monitor,Electronics,East,1495.47,2023-09-30
ORD1348,CUST41,Smartwatch,Accessories,North,778.18,2023-08-24
ORD1349,CUST52,Tablet,Electronics,East,913.31,2023-12-06
ORD1350,CUST100,Monitor,Electronics,North,147.26,2023-08-16
ORD1351,CUST1,Smartphone,Electronics,East,1137.44,2023-01-09
ORD1352,CUST37,Smartphone,Electronics,West,354.36,2023-06-15
ORD1353,CUST45,Smartwatch,Accessories,North,1352.18,2023-11-15
ORD1354,CUST70,Smartwatch,Accessories,North,347.45,2023-08-02
ORD1355,CUST17,Tablet,Electronics,West,326.5,2023-04-27
ORD1356,CUST60,Laptop,Electronics,North,103.0,2023-12-10
ORD1357,CUST1,Smartwatch,Accessories,North,734.5,2023-03-13
ORD1358,CUST61,Smartphone,Electronics,East,869.02,2023-03-05
ORD1359,CUST66,Headphones,Accessories,North,145.28,2023-07-24
ORD1360,CUST43,Monitor,Electronics,South,1174.52,2023-07-28
ORD1361,CUST51,Smartphone,Electronics,West,707.27,2023-03-13
ORD1362,CUST58,Smartphone,Electronics,East,810.37,2023-10-04
ORD1363,CUST64,Laptop,Electronics,East,689.11,2023-10-01
ORD1364,CUST63,Tablet,Electronics,South,631.11,2023-11-16
ORD1365,CUST85,Tablet,Electronics,West,861.48,2023-12-04
ORD1366,CUST25,Mouse,Accessories,West,275.1,2023-04-05
ORD1367,CUST88,Laptop,Electronics,East,313.8,2023-06-15
ORD1368,CUST24,Headphones,Accessories,North,1299.59,2023-02-01
ORD1369,CUST99,Tablet,Electronics,East,1421.87,2023-01-11
ORD1370,CUST18,Monitor,Electronics,West,591.3,2023-10-28
ORD1371,CUST69,Smartwatch,Accessories,South,442.58,2023-08-05
ORD1372,CUST4,Laptop,Electronics,East,983.8,2023-10-16
ORD1373,CUST98,Smartwatch,Accessories,West,642.66,2023-04-12
ORD1374,CUST65,Smartphone,Electronics,East,86.81,2023-09-24
ORD1375,CUST81,Monitor,Electronics,North,276.42,2023-08-02
ORD1376,CUST30,Monitor,Electronics,East,1088.16,2023-06-28
ORD1377,CUST56,Smartphone,Electronics,East,1005.44,2023-03-29
ORD1378,CUST63,Laptop,Electronics,West,89.29,2023-02-10
ORD1379,CUST39,Smartphone,Electronics,West,371.86,2023-03-17
ORD1380,CUST71,Smartwatch,Accessories,West,385.06,2023-02-15
ORD1381,CUST44,Mouse,Accessories,East,1024.24,2023-06-09
ORD1382,CUST36,Monitor,Electronics,North,78.58,2023-03-21
ORD1383,CUST72,Keyboard,Accessories,South,200.96,2023-11-06
ORD1384,CUST30,Keyboard,Accessories,South,1209.88,2023-03-27
ORD1385,CUST39,Smartwatch,Accessories,West,308.89,2023-04-02
ORD1386,CUST39,Headphones,Accessories,West,996.48,2023-05-28
ORD1387,CUST64,Tablet,Electronics,East,395.37,2023-06-10
ORD1388,CUST77,Smartphone,Electronics,South,194.19,2023-07-21
ORD1389,CUST63,Smartphone,Electronics,West,402.6,2023-08-30
ORD1390,CUST56,Headphones,Accessories,North,1097.29,2023-12-19
ORD1391,CUST70,Headphones,Accessories,North,1290.76,2023-01-02
ORD1392,CUST8,Smartwatch,Accessories,West,1253.82,2023-08-13
ORD1393,CUST32,Smartwatch,Accessories,West,625.92,2023-10-16
ORD1394,CUST16,Headphones,Accessories,South,1018.72,2023-08-21
ORD1395,CUST35,Monitor,Electronics,South,347.23,2023-03-18
ORD1396,CUST87,Smartwatch,Accessories,East,475.06,2023-04-26
ORD1397,CUST85,Mouse,Accessories,South,1349.69,2023-06-03
ORD1398,CUST54,Smartwatch,Accessories,North,68.85,2023-04-13
ORD1399,CUST75,Smartphone,Electronics,North,173.99,2023-07-13
ORD1400,CUST19,Smartwatch,Accessories,West,351.44,2023-06-15
ORD1401,CUST50,Monitor,Electronics,South,88.47,2023-12-25
ORD1402,CUST7,Headphones,Accessories,East,313.08,2023-03-31
ORD1403,CUST96,Smartphone,Electronics,North,895.41,2023-06-23
ORD1404,CUST43,Smartwatch,Accessories,North,661.07,2023-05-02
ORD1405,CUST18,Monitor,Electronics,East,1344.37,2023-05-23
ORD1406,CUST79,Mouse,Accessories,East,1235.29,2023-04-16
ORD1407,CUST45,Smartwatch,Accessories,North,545.64,2023-11-01
ORD1408,CUST94,Monitor,Electronics,North,426.16,2023-12-26
ORD1409,CUST9,Mouse,Accessories,East,600.55,2023-11-13
ORD1410,CUST86,Headphones,Accessories,North,905.93,2023-05-03
ORD1411,CUST100,Smartwatch,Accessories,West,438.69,2023-01-09
ORD1412,CUST58,Mouse,Accessories,West,955.02,2023-09-19
ORD1413,CUST63,Smartphone,Electronics,East,643.65,2023-03-14
ORD1414,CUST29,Headphones,Accessories,South,850.47,2023-12-25
ORD1415,CUST92,Smartphone,Electronics,East,682.38,2023-08-11
ORD1416,CUST84,Keyboard,Accessories,East,476.98,2023-02-10
ORD1417,CUST39,Laptop,Electronics,South,1425.26,2023-07-23
ORD1418,CUST55,Smartwatch,Accessories,South,1157.23,2023-09-21
ORD1419,CUST53,Mouse,Accessories,South,253.16,2023-11-24
ORD1420,CUST97,Laptop,Electronics,West,1309.28,2023-06-27
ORD1421,CUST49,Laptop,Electronics,North,756.78,2023-12-14
ORD1422,CUST61,Mouse,Accessories,West,1347.1,2023-11-14
ORD1423,CUST26,Headphones,Accessories,North,1209.79,2023-03-25
ORD1424,CUST76,Smartwatch,Accessories,West,666.56,2023-11-14
ORD1425,CUST40,Keyboard,Accessories,North,82.58,2023-04-21
ORD1426,CUST2,Smartphone,Electronics,West,439.58,2023-09-08
ORD1427,CUST52,Monitor,Electronics,South,835.37,2023-01-07
ORD1428,CUST94,Smartphone,Electronics,East,968.54,2023-03-25
ORD1429,CUST22,Monitor,Electronics,West,423.94,2023-07-27
ORD1430,CUST53,Smartphone,Electronics,North,252.07,2023-11-10
ORD1431,CUST55,Mouse,Accessories,South,1260.65,2023-01-22
ORD1432,CUST6,Keyboard,Accessories,West,1477.38,2023-01-03
ORD1433,CUST35,Smartwatch,Accessories,West,812.25,2023-05-07
ORD1434,CUST81,Monitor,Electronics,South,298.93,2023-10-24
ORD1435,CUST14,Smartwatch,Accessories,West,444.85,2023-07-07
ORD1436,CUST34,Smartwatch,Accessories,East,76.67,2023-12-28
ORD1437,CUST16,Smartwatch,Accessories,West,1375.73,2023-01-14
ORD1438,CUST93,Tablet,Electronics,East,220.74,2023-01-12
ORD1439,CUST70,Headphones,Accessories,East,885.95,2023-03-28
ORD1440,CUST56,Smartphone,Electronics,South,447.38,2023-01-12
ORD1441,CUST69,Smartwatch,Accessories,West,853.56,2023-01-25
ORD1442,CUST9,Smartphone,Electronics,South,994.56,2023-10-28
ORD1443,CUST83,Smartwatch,Accessories,West,1253.13,2023-08-31
ORD1444,CUST32,Monitor,Electronics,West,349.31,2023-05-02
ORD1445,CUST33,Headphones,Accessories,North,65.94,2023-05-27
ORD1446,CUST14,Headphones,Accessories,West,248.48,2023-02-24
ORD1447,CUST54,Mouse,Accessories,South,1355.03,2023-08-26
ORD1448,CUST49,Tablet,Electronics,East,1317.14,2023-12-22
ORD1449,CUST69,Mouse,Accessories,West,916.25,2023-06-22
ORD1450,CUST73,Mouse,Accessories,North,920.75,2023-08-09
ORD1451,CUST3,Mouse,Accessories,South,1014.3,2023-04-29
ORD1452,CUST53,Mouse,Accessories,West,304.29,2023-11-05
ORD1453,CUST84,Mouse,Accessories,South,1375.9,2023-07-02
ORD1454,CUST28,Keyboard,Accessories,North,657.22,2023-10-15
ORD1455,CUST85,Headphones,Accessories,North,605.55,2023-11-03
ORD1456,CUST10,Mouse,Accessories,South,802.43,2023-10-27
ORD1457,CUST40,Smartwatch,Accessories,West,118.1,2023-03-23
ORD1458,CUST28,Headphones,Accessories,East,291.11,2023-07-30
ORD1459,CUST51,Headphones,Accessories,North,1120.15,2023-05-30
ORD1460,CUST100,Laptop,Electronics,West,170.06,2023-02-06
ORD1461,CUST30,Keyboard,Accessories,West,924.57,2023-12-18
ORD1462,CUST69,Mouse,Accessories,East,405.76,2023-11-08
ORD1463,CUST88,Smartphone,Electronics,North,614.48,2023-12-27
ORD1464,CUST26,Monitor,Electronics,North,468.61,2023-02-28
ORD1465,CUST91,Tablet,Electronics,West,565.73,2023-05-11
ORD1466,CUST62,Smartwatch,Accessories,West,1092.62,2023-07-21
ORD1467,CUST20,Smartphone,Electronics,East,480.83,2023-08-31
ORD1468,CUST36,Keyboard,Accessories,East,871.29,2023-02-04
ORD1469,CUST55,Monitor,Electronics,North,740.27,2023-04-03
ORD1470,CUST91,Keyboard,Accessories,South,1012.32,2023-07-26
ORD1471,CUST78,Smartwatch,Accessories,North,1408.4,2023-12-19
ORD1472,CUST19,Headphones,Accessories,West,1112.23,2023-11-28
ORD1473,CUST68,Monitor,Electronics,North,361.66,2023-11-01
ORD1474,CUST17,Headphones,Accessories,South,95.22,2023-12-16
ORD1475,CUST95,Smartwatch,Accessories,East,430.28,2023-08-01
ORD1476,CUST66,Smartphone,Electronics,South,912.86,2023-06-08
ORD1477,CUST19,Smartwatch,Accessories,South,124.57,2023-01-24
ORD1478,CUST7,Smartphone,Electronics,South,769.73,2023-10-20
ORD1479,CUST39,Monitor,Electronics,East,915.42,2023-01-04
ORD1480,CUST34,Monitor,Electronics,South,534.65,2023-08-08
ORD1481,CUST30,Mouse,Accessories,South,1167.82,2023-12-30
ORD1482,CUST23,Keyboard,Accessories,South,204.57,2023-01-20
ORD1483,CUST2,Mouse,Accessories,West,158.95,2023-06-01
ORD1484,CUST33,Keyboard,Accessories,South,1105.87,2023-02-19
ORD1485,CUST56,Mouse,Accessories,East,768.46,2023-06-26
ORD1486,CUST5,Headphones,Accessories,South,1048.18,2023-04-06
ORD1487,CUST47,Monitor,Electronics,South,680.5,2023-04-15
ORD1488,CUST45,Smartphone,Electronics,East,407.28,2023-09-07
ORD1489,CUST34,Keyboard,Accessories,South,1237.7,2023-04-27
ORD1490,CUST10,Smartwatch,Accessories,East,1209.15,2023-12-20
ORD1491,CUST17,Keyboard,Accessories,South,1057.31,2023-08-16
ORD1492,CUST47,Smartphone,Electronics,East,444.61,2023-03-07
ORD1493,CUST1,Mouse,Accessories,South,905.83,2023-12-01
ORD1494,CUST18,Keyboard,Accessories,South,573.41,2023-09-19
ORD1495,CUST96,Tablet,Electronics,West,182.79,2023-10-22
ORD1496,CUST47,Headphones,Accessories,West,1380.1,2023-08-31
ORD1497,CUST74,Monitor,Electronics,South,248.39,2023-07-05
ORD1498,CUST41,Smartphone,Electronics,South,1427.84,2023-09-03
ORD1499,CUST53,Monitor,Electronics,North,696.71,2023-05-05
